evaluation,samples,accuracy,macro_f1,macro_precision,macro_recall
validation,1224,0.4910130718954248,0.4185222834438906,0.42519616783624054,0.4208807951824712
test,2584,0.5081269349845201,0.44884422422606124,0.4448727127080206,0.47139686246589374
CREMA-D_test,1066,0.4793621013133208,0.40878058611846807,0.4223915535318773,0.41221873364730505
TESS_test,1398,0.5114449213161659,0.48157991968454306,0.5107767141265049,0.5113675520459441
